student_id,learning_style,subject,time_spent,score,recommendation
1,visual,math,59,59,advanced_math
2,visual,science,37,56,advanced_math
3,kinesthetic,science,47,97,advanced_math
4,auditory,history,13,85,history_essay
5,visual,math,17,65,basic_science
6,auditory,history,27,90,advanced_math
7,auditory,math,44,98,basic_science
8,kinesthetic,math,38,88,history_essay
9,auditory,history,59,95,history_essay
10,auditory,history,42,60,history_essay
11,kinesthetic,math,43,90,advanced_math
12,visual,history,24,50,history_essay
13,auditory,science,12,66,advanced_math
14,visual,science,10,62,basic_science
15,visual,math,31,90,advanced_math
16,visual,history,20,90,history_essay
17,auditory,math,37,92,history_essay
18,kinesthetic,science,21,55,basic_science
19,kinesthetic,math,14,86,history_essay
20,kinesthetic,history,13,84,basic_science
21,auditory,history,48,51,advanced_math
22,kinesthetic,science,13,86,basic_science
23,kinesthetic,math,14,86,advanced_math
24,kinesthetic,history,29,70,advanced_math
25,kinesthetic,science,53,95,history_essay
26,kinesthetic,math,59,88,history_essay
27,auditory,math,59,99,history_essay
28,auditory,science,31,79,history_essay
29,auditory,math,53,50,basic_science
30,auditory,math,29,55,history_essay
31,kinesthetic,history,31,92,basic_science
32,auditory,science,31,93,advanced_math
33,visual,math,49,65,basic_science
34,auditory,science,22,55,history_essay
35,kinesthetic,science,22,95,basic_science
36,visual,science,32,98,basic_science
37,kinesthetic,science,46,64,basic_science
38,kinesthetic,math,47,83,advanced_math
39,auditory,math,12,72,advanced_math
40,auditory,math,48,73,basic_science
41,visual,science,12,85,advanced_math
42,visual,history,50,89,history_essay
43,kinesthetic,science,14,69,advanced_math
44,kinesthetic,science,28,62,basic_science
45,auditory,math,26,69,basic_science
46,visual,math,47,73,basic_science
47,auditory,math,51,51,basic_science
48,visual,history,57,98,history_essay
49,visual,science,23,82,history_essay
50,kinesthetic,science,52,55,basic_science
51,kinesthetic,history,51,95,advanced_math
52,visual,math,31,93,advanced_math
53,kinesthetic,math,10,51,advanced_math
54,auditory,science,12,76,advanced_math
55,auditory,science,11,85,advanced_math
56,visual,history,17,96,history_essay
57,kinesthetic,math,45,82,basic_science
58,visual,history,42,52,advanced_math
59,visual,math,47,94,basic_science
60,auditory,history,18,72,advanced_math
61,visual,science,18,50,advanced_math
62,visual,history,20,93,basic_science
63,visual,science,59,86,advanced_math
64,auditory,history,32,69,basic_science
65,visual,science,16,90,advanced_math
66,visual,science,15,55,advanced_math
67,kinesthetic,history,21,98,basic_science
68,visual,science,10,57,history_essay
69,auditory,math,24,77,history_essay
70,kinesthetic,math,37,60,advanced_math
71,auditory,math,11,91,basic_science
72,kinesthetic,history,52,58,basic_science
73,auditory,science,43,58,history_essay
74,visual,history,11,86,basic_science
75,auditory,science,25,66,advanced_math
76,auditory,science,44,90,basic_science
77,visual,math,38,87,advanced_math
78,auditory,history,43,77,history_essay
79,visual,math,23,82,advanced_math
80,visual,history,10,97,advanced_math
81,auditory,history,16,99,basic_science
82,auditory,science,56,61,history_essay
83,kinesthetic,science,31,58,advanced_math
84,kinesthetic,science,14,55,advanced_math
85,visual,science,19,97,advanced_math
86,auditory,science,48,98,basic_science
87,visual,math,53,76,history_essay
88,auditory,math,27,75,advanced_math
89,auditory,history,38,81,basic_science
90,auditory,science,27,90,history_essay
91,auditory,history,59,59,advanced_math
92,auditory,math,50,63,basic_science
93,visual,science,37,89,advanced_math
94,kinesthetic,science,37,86,history_essay
95,kinesthetic,science,10,57,history_essay
96,visual,history,47,96,advanced_math
97,visual,science,53,89,history_essay
98,visual,math,36,54,advanced_math
99,visual,science,58,88,basic_science
100,kinesthetic,math,17,92,history_essay
101,visual,science,37,84,basic_science
102,auditory,math,43,61,history_essay
103,auditory,history,35,63,history_essay
104,kinesthetic,science,10,82,history_essay
105,visual,math,40,89,history_essay
106,visual,math,20,97,basic_science
107,visual,math,45,63,history_essay
108,visual,history,30,99,history_essay
109,visual,science,38,99,advanced_math
110,auditory,history,22,82,advanced_math
111,visual,history,14,68,advanced_math
112,auditory,math,57,84,basic_science
113,kinesthetic,math,42,97,history_essay
114,kinesthetic,science,23,73,advanced_math
115,visual,math,42,68,basic_science
116,visual,science,35,89,basic_science
117,auditory,history,50,92,basic_science
118,auditory,history,43,51,advanced_math
119,visual,science,45,98,basic_science
120,kinesthetic,history,30,89,basic_science
121,auditory,math,48,61,history_essay
122,kinesthetic,science,30,64,basic_science
123,kinesthetic,math,35,92,history_essay
124,auditory,math,43,75,advanced_math
125,kinesthetic,history,35,74,history_essay
126,visual,history,34,96,advanced_math
127,auditory,math,28,50,advanced_math
128,auditory,science,24,52,advanced_math
129,kinesthetic,math,46,78,basic_science
130,visual,math,51,55,history_essay
131,kinesthetic,history,57,79,advanced_math
132,visual,science,45,63,basic_science
133,visual,history,39,64,advanced_math
134,kinesthetic,history,46,84,basic_science
135,auditory,science,35,93,basic_science
136,visual,science,54,62,history_essay
137,visual,science,36,60,basic_science
138,auditory,math,35,98,basic_science
139,auditory,history,36,69,history_essay
140,visual,science,56,83,history_essay
141,auditory,math,38,68,advanced_math
142,visual,science,15,85,advanced_math
143,auditory,science,35,95,basic_science
144,visual,math,41,50,history_essay
145,auditory,history,39,68,basic_science
146,kinesthetic,math,41,59,advanced_math
147,auditory,math,31,51,basic_science
148,auditory,history,58,89,advanced_math
149,visual,math,31,64,advanced_math
150,kinesthetic,math,36,92,basic_science
151,visual,math,16,95,history_essay
152,visual,history,28,65,history_essay
153,kinesthetic,science,19,77,basic_science
154,visual,science,23,99,history_essay
155,kinesthetic,science,32,56,basic_science
156,visual,math,20,57,history_essay
157,auditory,history,25,94,advanced_math
158,kinesthetic,math,52,79,advanced_math
159,auditory,math,38,76,basic_science
160,visual,math,16,69,history_essay
161,kinesthetic,math,36,70,advanced_math
162,visual,science,22,60,advanced_math
163,auditory,history,21,50,basic_science
164,kinesthetic,math,29,54,history_essay
165,auditory,history,30,87,history_essay
166,visual,history,35,71,advanced_math
167,auditory,history,55,98,advanced_math
168,kinesthetic,math,40,89,basic_science
169,auditory,history,11,68,basic_science
170,visual,math,27,61,basic_science
171,auditory,history,34,77,history_essay
172,kinesthetic,math,42,85,basic_science
173,visual,science,18,59,advanced_math
174,auditory,science,57,90,advanced_math
175,auditory,math,38,72,history_essay
176,auditory,math,16,79,basic_science
177,auditory,math,19,99,advanced_math
178,visual,math,29,65,history_essay
179,kinesthetic,history,13,54,advanced_math
180,visual,math,23,98,advanced_math
181,auditory,history,46,96,advanced_math
182,auditory,science,15,74,history_essay
183,visual,history,46,53,history_essay
184,visual,math,34,97,basic_science
185,auditory,history,10,99,history_essay
186,auditory,math,21,75,history_essay
187,auditory,science,30,73,basic_science
188,auditory,history,55,92,basic_science
189,auditory,science,25,98,basic_science
190,visual,math,56,57,advanced_math
191,visual,math,43,84,history_essay
192,visual,math,42,75,history_essay
193,auditory,math,58,91,basic_science
194,auditory,science,25,90,basic_science
195,visual,history,40,55,advanced_math
196,kinesthetic,science,26,77,advanced_math
197,kinesthetic,history,26,97,advanced_math
198,visual,history,39,86,advanced_math
199,auditory,math,37,67,basic_science
200,visual,history,26,61,history_essay
201,visual,history,39,82,basic_science
202,auditory,math,47,53,history_essay
203,kinesthetic,science,22,51,basic_science
204,auditory,science,46,78,history_essay
205,auditory,history,12,90,history_essay
206,kinesthetic,history,19,80,history_essay
207,auditory,history,26,90,advanced_math
208,kinesthetic,math,50,89,history_essay
209,kinesthetic,history,16,59,advanced_math
210,kinesthetic,science,21,66,basic_science
211,visual,math,32,58,basic_science
212,kinesthetic,math,11,80,basic_science
213,auditory,math,12,65,advanced_math
214,visual,math,49,81,basic_science
215,kinesthetic,science,57,83,advanced_math
216,kinesthetic,science,15,82,basic_science
217,visual,math,17,94,basic_science
218,auditory,math,13,51,advanced_math
219,visual,math,26,87,advanced_math
220,auditory,math,40,73,history_essay
221,visual,history,42,70,advanced_math
222,auditory,math,57,61,basic_science
223,kinesthetic,science,24,60,advanced_math
224,visual,science,24,55,advanced_math
225,visual,science,19,89,basic_science
226,auditory,science,53,59,history_essay
227,kinesthetic,science,33,56,basic_science
228,visual,history,28,73,advanced_math
229,auditory,math,29,73,advanced_math
230,kinesthetic,science,30,70,basic_science
231,kinesthetic,science,53,92,history_essay
232,visual,science,29,74,advanced_math
233,kinesthetic,history,29,58,basic_science
234,auditory,science,34,82,history_essay
235,visual,history,27,72,history_essay
236,auditory,history,35,62,history_essay
237,auditory,science,30,53,basic_science
238,auditory,science,11,50,advanced_math
239,auditory,science,16,69,history_essay
240,auditory,science,37,64,basic_science
241,kinesthetic,math,53,61,advanced_math
242,visual,history,33,60,basic_science
243,visual,math,44,79,history_essay
244,visual,science,49,70,history_essay
245,kinesthetic,history,51,97,basic_science
246,visual,history,33,81,basic_science
247,visual,math,16,99,history_essay
248,kinesthetic,history,36,87,history_essay
249,visual,math,22,77,history_essay
250,kinesthetic,history,55,92,advanced_math
251,visual,history,28,86,basic_science
252,kinesthetic,history,59,59,advanced_math
253,auditory,history,41,99,history_essay
254,kinesthetic,math,40,93,history_essay
255,kinesthetic,math,14,61,basic_science
256,kinesthetic,math,23,90,basic_science
257,visual,science,38,80,history_essay
258,auditory,math,28,75,basic_science
259,auditory,science,10,61,history_essay
260,auditory,science,56,99,advanced_math
261,auditory,math,23,66,history_essay
262,auditory,history,31,83,advanced_math
263,auditory,science,34,65,history_essay
264,visual,history,29,57,history_essay
265,visual,science,50,51,advanced_math
266,kinesthetic,science,34,82,advanced_math
267,auditory,science,21,90,basic_science
268,auditory,math,41,62,history_essay
269,kinesthetic,history,58,82,history_essay
270,visual,science,53,80,basic_science
271,auditory,history,46,73,basic_science
272,auditory,history,44,71,history_essay
273,kinesthetic,math,17,98,history_essay
274,kinesthetic,science,13,52,basic_science
275,kinesthetic,math,27,80,history_essay
276,auditory,history,37,74,advanced_math
277,visual,history,18,69,basic_science
278,visual,history,35,80,advanced_math
279,auditory,science,36,89,advanced_math
280,auditory,history,17,98,advanced_math
281,visual,science,23,70,advanced_math
282,visual,science,43,60,advanced_math
283,kinesthetic,math,52,62,history_essay
284,visual,math,30,64,advanced_math
285,visual,math,27,83,basic_science
286,kinesthetic,science,30,58,basic_science
287,visual,math,41,64,history_essay
288,kinesthetic,math,45,78,basic_science
289,auditory,math,40,86,basic_science
290,auditory,science,14,96,advanced_math
291,kinesthetic,science,33,99,basic_science
292,auditory,history,37,69,history_essay
293,kinesthetic,math,35,84,history_essay
294,kinesthetic,math,40,64,history_essay
295,kinesthetic,science,13,58,advanced_math
296,auditory,math,20,69,history_essay
297,auditory,math,11,60,basic_science
298,kinesthetic,science,52,71,history_essay
299,kinesthetic,history,46,87,history_essay
300,auditory,history,19,65,advanced_math
301,auditory,history,40,77,history_essay
302,visual,history,24,99,history_essay
303,kinesthetic,science,39,82,history_essay
304,visual,math,34,50,basic_science
305,visual,history,45,93,advanced_math
306,visual,history,28,57,advanced_math
307,auditory,math,22,77,history_essay
308,kinesthetic,history,35,67,advanced_math
309,visual,science,25,87,basic_science
310,visual,science,16,81,basic_science
311,kinesthetic,science,27,85,advanced_math
312,visual,history,37,95,advanced_math
313,auditory,history,50,68,advanced_math
314,kinesthetic,math,17,63,basic_science
315,auditory,history,21,82,advanced_math
316,visual,math,35,60,advanced_math
317,visual,history,22,55,basic_science
318,auditory,math,18,87,history_essay
319,visual,science,13,54,advanced_math
320,visual,math,47,87,basic_science
321,auditory,history,47,75,advanced_math
322,visual,science,55,77,history_essay
323,auditory,history,26,97,history_essay
324,kinesthetic,science,39,89,advanced_math
325,auditory,history,40,92,history_essay
326,auditory,history,21,75,history_essay
327,auditory,science,12,90,history_essay
328,visual,history,30,55,basic_science
329,kinesthetic,science,38,94,basic_science
330,visual,science,24,66,history_essay
331,kinesthetic,science,51,63,advanced_math
332,visual,history,20,80,basic_science
333,auditory,science,51,89,history_essay
334,auditory,science,18,54,advanced_math
335,auditory,math,31,82,advanced_math
336,auditory,history,19,71,advanced_math
337,kinesthetic,science,58,95,advanced_math
338,kinesthetic,history,15,82,advanced_math
339,kinesthetic,history,27,85,advanced_math
340,visual,math,42,54,basic_science
341,auditory,science,44,99,history_essay
342,auditory,science,22,76,history_essay
343,kinesthetic,history,23,98,history_essay
344,auditory,math,32,92,history_essay
345,visual,history,29,61,history_essay
346,auditory,science,40,64,advanced_math
347,auditory,history,58,97,history_essay
348,kinesthetic,math,17,92,history_essay
349,visual,history,16,76,history_essay
350,kinesthetic,history,42,57,basic_science
351,auditory,history,58,76,advanced_math
352,auditory,math,56,96,history_essay
353,visual,history,38,95,basic_science
354,kinesthetic,history,23,84,basic_science
355,visual,science,10,94,advanced_math
356,kinesthetic,math,57,86,advanced_math
357,auditory,history,37,93,history_essay
358,visual,science,15,60,advanced_math
359,visual,math,45,84,advanced_math
360,visual,math,58,59,advanced_math
361,kinesthetic,history,31,91,basic_science
362,visual,history,12,86,basic_science
363,kinesthetic,science,35,78,history_essay
364,auditory,math,59,77,history_essay
365,visual,math,48,84,basic_science
366,visual,math,18,69,history_essay
367,kinesthetic,math,40,94,basic_science
368,auditory,history,36,66,advanced_math
369,auditory,math,47,59,history_essay
370,visual,science,16,90,history_essay
371,kinesthetic,science,53,97,basic_science
372,auditory,math,23,74,advanced_math
373,auditory,history,46,97,advanced_math
374,visual,science,18,95,history_essay
375,kinesthetic,science,11,50,history_essay
376,auditory,history,32,72,history_essay
377,visual,science,47,51,advanced_math
378,kinesthetic,science,11,58,advanced_math
379,visual,history,13,93,basic_science
380,kinesthetic,math,28,54,history_essay
381,visual,history,54,57,basic_science
382,visual,math,13,71,history_essay
383,kinesthetic,math,47,85,history_essay
384,kinesthetic,math,11,89,history_essay
385,kinesthetic,science,33,92,advanced_math
386,visual,science,38,76,basic_science
387,kinesthetic,math,34,68,history_essay
388,kinesthetic,science,30,63,basic_science
389,visual,history,14,51,basic_science
390,auditory,science,43,72,history_essay
391,kinesthetic,history,55,95,basic_science
392,auditory,math,41,51,basic_science
393,auditory,math,15,82,advanced_math
394,auditory,history,10,80,history_essay
395,visual,history,21,57,history_essay
396,auditory,history,21,68,history_essay
397,kinesthetic,history,56,63,advanced_math
398,kinesthetic,math,56,53,advanced_math
399,visual,math,56,91,basic_science
400,auditory,math,37,93,history_essay
401,kinesthetic,science,22,98,advanced_math
402,visual,history,43,52,basic_science
403,kinesthetic,history,43,88,history_essay
404,visual,history,36,59,advanced_math
405,auditory,science,55,88,advanced_math
406,visual,history,32,82,advanced_math
407,auditory,history,37,66,history_essay
408,auditory,math,29,74,advanced_math
409,visual,science,11,67,history_essay
410,visual,science,13,76,history_essay
411,kinesthetic,math,23,68,basic_science
412,kinesthetic,history,17,51,advanced_math
413,visual,science,43,78,basic_science
414,visual,math,58,78,advanced_math
415,auditory,math,58,69,advanced_math
416,visual,math,53,93,history_essay
417,kinesthetic,math,59,92,advanced_math
418,kinesthetic,history,45,97,basic_science
419,visual,math,39,55,history_essay
420,kinesthetic,history,33,62,basic_science
421,kinesthetic,history,42,63,basic_science
422,kinesthetic,math,10,84,basic_science
423,auditory,math,26,54,advanced_math
424,auditory,science,58,53,advanced_math
425,kinesthetic,science,49,80,history_essay
426,visual,history,28,80,history_essay
427,kinesthetic,math,58,79,history_essay
428,kinesthetic,science,15,94,advanced_math
429,visual,science,59,69,basic_science
430,visual,history,14,85,basic_science
431,auditory,science,29,63,advanced_math
432,kinesthetic,math,31,95,history_essay
433,kinesthetic,history,32,70,history_essay
434,auditory,science,19,88,advanced_math
435,kinesthetic,science,21,88,history_essay
436,auditory,science,48,97,basic_science
437,visual,science,49,55,basic_science
438,auditory,science,33,59,history_essay
439,kinesthetic,math,55,73,advanced_math
440,visual,math,26,53,history_essay
441,kinesthetic,math,50,95,history_essay
442,visual,history,44,82,basic_science
443,auditory,history,27,51,basic_science
444,auditory,science,26,79,advanced_math
445,auditory,science,40,97,basic_science
446,kinesthetic,math,50,78,advanced_math
447,auditory,science,47,61,advanced_math
448,kinesthetic,math,53,60,advanced_math
449,kinesthetic,science,26,66,basic_science
450,kinesthetic,science,59,78,advanced_math
451,kinesthetic,math,43,86,advanced_math
452,auditory,science,11,92,basic_science
453,visual,math,20,51,advanced_math
454,auditory,history,58,74,history_essay
455,kinesthetic,history,21,73,advanced_math
456,kinesthetic,history,49,89,basic_science
457,kinesthetic,math,23,66,history_essay
458,kinesthetic,math,15,52,history_essay
459,kinesthetic,history,36,63,history_essay
460,visual,science,18,53,advanced_math
461,auditory,history,54,97,history_essay
462,visual,science,40,77,advanced_math
463,kinesthetic,math,26,54,history_essay
464,kinesthetic,history,44,83,advanced_math
465,kinesthetic,science,37,79,advanced_math
466,auditory,history,42,68,advanced_math
467,visual,math,52,89,history_essay
468,visual,math,43,66,basic_science
469,visual,math,15,65,history_essay
470,auditory,history,26,80,basic_science
471,auditory,math,53,64,history_essay
472,auditory,math,27,60,basic_science
473,auditory,history,41,50,basic_science
474,visual,math,34,71,history_essay
475,visual,math,49,65,history_essay
476,auditory,science,49,90,advanced_math
477,kinesthetic,science,10,84,basic_science
478,kinesthetic,science,10,51,advanced_math
479,auditory,history,42,51,advanced_math
480,visual,history,22,52,basic_science
481,auditory,math,11,68,basic_science
482,auditory,history,55,77,advanced_math
483,visual,math,36,53,history_essay
484,kinesthetic,history,22,91,history_essay
485,auditory,science,16,53,history_essay
486,auditory,history,46,55,history_essay
487,kinesthetic,history,21,50,basic_science
488,auditory,math,21,67,basic_science
489,kinesthetic,math,26,92,basic_science
490,visual,science,19,71,advanced_math
491,kinesthetic,history,35,91,advanced_math
492,kinesthetic,science,10,96,basic_science
493,auditory,math,31,99,advanced_math
494,kinesthetic,science,11,85,basic_science
495,kinesthetic,math,40,61,advanced_math
496,auditory,math,44,78,history_essay
497,visual,math,32,96,basic_science
498,auditory,science,11,58,advanced_math
499,auditory,history,26,82,advanced_math
500,kinesthetic,science,38,59,history_essay
501,auditory,science,33,97,history_essay
502,kinesthetic,history,42,73,basic_science
503,auditory,history,23,70,advanced_math
504,kinesthetic,science,12,86,advanced_math
505,kinesthetic,history,14,95,history_essay
506,auditory,math,54,94,basic_science
507,visual,history,37,60,advanced_math
508,auditory,math,22,72,history_essay
509,kinesthetic,history,25,98,basic_science
510,auditory,math,47,61,basic_science
511,visual,math,12,52,advanced_math
512,visual,history,45,61,history_essay
513,visual,science,45,93,advanced_math
514,auditory,science,24,94,history_essay
515,visual,science,20,55,history_essay
516,auditory,math,31,54,basic_science
517,kinesthetic,history,57,78,advanced_math
518,visual,history,44,79,basic_science
519,visual,science,14,54,history_essay
520,auditory,math,24,53,history_essay
521,auditory,math,22,79,advanced_math
522,visual,history,50,83,history_essay
523,visual,science,10,69,advanced_math
524,kinesthetic,science,14,64,history_essay
525,auditory,science,19,52,basic_science
526,visual,history,43,71,basic_science
527,kinesthetic,history,28,98,history_essay
528,auditory,science,22,96,basic_science
529,visual,math,57,64,basic_science
530,auditory,history,34,65,history_essay
531,kinesthetic,math,15,83,basic_science
532,kinesthetic,math,15,51,basic_science
533,visual,science,13,87,history_essay
534,auditory,science,35,51,history_essay
535,auditory,science,22,71,basic_science
536,visual,math,58,95,advanced_math
537,auditory,science,39,77,history_essay
538,auditory,science,47,63,basic_science
539,visual,science,20,82,advanced_math
540,visual,science,26,65,basic_science
541,visual,history,39,70,basic_science
542,visual,science,18,54,advanced_math
543,auditory,science,54,52,basic_science
544,auditory,science,28,93,advanced_math
545,auditory,math,15,93,advanced_math
546,visual,history,19,97,basic_science
547,auditory,science,45,80,advanced_math
548,visual,math,39,91,history_essay
549,visual,science,53,94,basic_science
550,visual,math,21,56,basic_science
551,auditory,science,21,97,advanced_math
552,visual,science,57,53,basic_science
553,visual,science,38,78,advanced_math
554,kinesthetic,history,12,90,history_essay
555,auditory,science,43,82,history_essay
556,visual,history,21,61,advanced_math
557,visual,science,27,82,advanced_math
558,auditory,science,15,84,history_essay
559,visual,history,43,82,basic_science
560,visual,math,39,69,history_essay
561,auditory,math,13,82,basic_science
562,auditory,history,14,90,history_essay
563,kinesthetic,history,44,93,advanced_math
564,kinesthetic,history,27,92,advanced_math
565,kinesthetic,history,44,82,history_essay
566,kinesthetic,math,17,84,advanced_math
567,auditory,math,51,65,advanced_math
568,auditory,math,36,98,history_essay
569,auditory,history,33,86,history_essay
570,visual,history,51,82,history_essay
571,auditory,math,26,93,history_essay
572,auditory,science,27,53,history_essay
573,auditory,science,54,60,history_essay
574,auditory,history,32,84,basic_science
575,visual,history,40,67,basic_science
576,auditory,math,41,69,basic_science
577,auditory,history,21,92,advanced_math
578,auditory,math,15,80,basic_science
579,auditory,math,35,52,advanced_math
580,kinesthetic,science,33,82,basic_science
581,kinesthetic,math,25,55,history_essay
582,kinesthetic,science,36,84,advanced_math
583,auditory,science,58,72,history_essay
584,visual,science,46,92,history_essay
585,auditory,science,57,98,advanced_math
586,auditory,history,10,60,history_essay
587,visual,science,39,68,advanced_math
588,kinesthetic,science,47,82,advanced_math
589,visual,history,55,74,advanced_math
590,auditory,science,15,56,advanced_math
591,auditory,math,22,59,advanced_math
592,auditory,science,40,61,basic_science
593,kinesthetic,science,55,75,advanced_math
594,auditory,math,33,62,advanced_math
595,kinesthetic,history,57,85,basic_science
596,visual,math,59,73,advanced_math
597,auditory,science,53,61,history_essay
598,auditory,science,11,91,basic_science
599,kinesthetic,science,52,71,history_essay
600,auditory,math,40,84,advanced_math
601,kinesthetic,history,11,91,basic_science
602,auditory,science,32,92,advanced_math
603,visual,history,17,53,history_essay
604,visual,history,27,57,advanced_math
605,auditory,history,17,51,advanced_math
606,kinesthetic,science,40,78,basic_science
607,auditory,math,30,89,basic_science
608,visual,math,26,82,history_essay
609,visual,history,25,88,advanced_math
610,visual,science,45,87,history_essay
611,auditory,math,23,92,history_essay
612,auditory,history,24,72,basic_science
613,auditory,history,47,77,history_essay
614,auditory,history,48,79,advanced_math
615,kinesthetic,math,10,64,history_essay
616,kinesthetic,history,49,51,basic_science
617,auditory,math,45,68,history_essay
618,visual,science,53,82,history_essay
619,kinesthetic,history,11,92,history_essay
620,visual,math,38,59,basic_science
621,visual,science,53,59,basic_science
622,kinesthetic,history,59,65,advanced_math
623,visual,history,57,99,history_essay
624,kinesthetic,math,26,51,basic_science
625,kinesthetic,history,29,71,history_essay
626,auditory,math,20,50,advanced_math
627,auditory,science,43,59,history_essay
628,auditory,math,53,95,basic_science
629,auditory,history,34,96,advanced_math
630,kinesthetic,math,59,93,advanced_math
631,visual,science,57,70,basic_science
632,auditory,history,35,89,advanced_math
633,kinesthetic,science,25,62,basic_science
634,kinesthetic,history,41,77,advanced_math
635,auditory,science,29,50,history_essay
636,auditory,history,35,89,history_essay
637,auditory,history,10,88,history_essay
638,kinesthetic,science,16,54,advanced_math
639,kinesthetic,history,59,81,basic_science
640,auditory,science,53,72,history_essay
641,visual,history,50,68,history_essay
642,kinesthetic,history,22,56,advanced_math
643,auditory,science,45,85,advanced_math
644,kinesthetic,math,33,67,history_essay
645,kinesthetic,science,21,68,basic_science
646,auditory,history,20,93,history_essay
647,visual,history,52,94,history_essay
648,visual,math,43,88,advanced_math
649,visual,science,54,95,history_essay
650,auditory,math,20,56,history_essay
651,kinesthetic,math,41,82,advanced_math
652,kinesthetic,math,21,53,basic_science
653,kinesthetic,math,56,61,basic_science
654,visual,math,10,93,advanced_math
655,kinesthetic,math,11,96,basic_science
656,auditory,history,35,99,advanced_math
657,kinesthetic,history,44,73,advanced_math
658,visual,science,19,76,history_essay
659,visual,science,17,75,advanced_math
660,visual,history,37,73,history_essay
661,auditory,science,20,75,basic_science
662,kinesthetic,math,31,69,advanced_math
663,visual,science,19,99,history_essay
664,visual,math,15,72,basic_science
665,kinesthetic,science,31,89,basic_science
666,auditory,math,45,91,basic_science
667,visual,science,37,98,advanced_math
668,visual,history,11,64,history_essay
669,auditory,math,28,69,history_essay
670,visual,math,52,85,basic_science
671,auditory,science,38,80,advanced_math
672,auditory,science,22,95,basic_science
673,visual,math,16,60,advanced_math
674,auditory,history,47,76,history_essay
675,kinesthetic,math,14,94,advanced_math
676,kinesthetic,science,13,55,basic_science
677,visual,history,38,96,advanced_math
678,kinesthetic,math,45,69,basic_science
679,visual,math,45,89,basic_science
680,visual,math,31,59,basic_science
681,visual,math,38,61,advanced_math
682,visual,science,31,77,basic_science
683,kinesthetic,science,41,93,advanced_math
684,kinesthetic,science,49,52,advanced_math
685,auditory,history,54,99,history_essay
686,auditory,math,20,94,history_essay
687,auditory,math,43,76,basic_science
688,auditory,history,32,59,advanced_math
689,visual,history,52,84,basic_science
690,auditory,math,30,71,history_essay
691,auditory,math,41,96,basic_science
692,kinesthetic,history,36,94,history_essay
693,visual,math,57,93,history_essay
694,visual,science,38,88,basic_science
695,auditory,history,22,66,basic_science
696,visual,science,32,57,advanced_math
697,kinesthetic,math,23,90,basic_science
698,auditory,history,18,65,basic_science
699,visual,science,37,64,advanced_math
700,kinesthetic,math,10,65,advanced_math
701,kinesthetic,math,49,98,advanced_math
702,kinesthetic,science,23,88,advanced_math
703,kinesthetic,science,22,88,basic_science
704,auditory,history,42,82,advanced_math
705,auditory,math,51,75,basic_science
706,visual,history,40,86,history_essay
707,auditory,math,18,65,advanced_math
708,visual,science,28,65,history_essay
709,kinesthetic,math,26,64,basic_science
710,auditory,science,24,90,advanced_math
711,visual,math,29,73,basic_science
712,kinesthetic,history,14,77,history_essay
713,visual,history,24,50,advanced_math
714,visual,science,19,72,history_essay
715,kinesthetic,math,21,68,advanced_math
716,auditory,math,12,94,history_essay
717,auditory,science,40,84,basic_science
718,visual,math,21,84,basic_science
719,auditory,math,16,52,advanced_math
720,auditory,science,58,82,history_essay
721,auditory,math,24,65,advanced_math
722,auditory,math,21,81,basic_science
723,visual,science,36,98,history_essay
724,visual,science,43,90,history_essay
725,kinesthetic,history,19,76,history_essay
726,kinesthetic,history,29,71,basic_science
727,kinesthetic,science,28,75,basic_science
728,kinesthetic,math,44,55,basic_science
729,kinesthetic,math,14,87,basic_science
730,kinesthetic,science,17,58,basic_science
731,visual,math,40,64,history_essay
732,kinesthetic,history,38,58,basic_science
733,kinesthetic,history,49,92,basic_science
734,visual,history,42,66,basic_science
735,auditory,history,59,57,advanced_math
736,visual,history,26,95,basic_science
737,kinesthetic,history,42,78,history_essay
738,visual,science,19,97,advanced_math
739,kinesthetic,history,43,97,advanced_math
740,visual,history,50,52,advanced_math
741,auditory,science,32,92,advanced_math
742,kinesthetic,math,51,55,advanced_math
743,visual,science,58,94,advanced_math
744,kinesthetic,history,23,62,basic_science
745,auditory,science,47,70,history_essay
746,visual,math,58,57,basic_science
747,kinesthetic,history,21,57,advanced_math
748,auditory,science,51,65,advanced_math
749,kinesthetic,science,17,52,history_essay
750,kinesthetic,math,53,65,history_essay
751,kinesthetic,math,49,73,history_essay
752,visual,history,57,50,history_essay
753,visual,history,22,71,advanced_math
754,kinesthetic,math,14,54,history_essay
755,visual,math,45,67,advanced_math
756,kinesthetic,math,10,51,basic_science
757,auditory,math,37,81,advanced_math
758,auditory,science,32,83,history_essay
759,kinesthetic,math,22,90,basic_science
760,auditory,history,27,79,history_essay
761,visual,science,57,55,basic_science
762,auditory,history,20,72,basic_science
763,auditory,history,48,88,advanced_math
764,auditory,science,59,77,basic_science
765,kinesthetic,science,39,68,basic_science
766,auditory,science,41,62,history_essay
767,visual,math,36,82,basic_science
768,auditory,math,44,88,basic_science
769,auditory,science,58,61,basic_science
770,kinesthetic,science,11,79,advanced_math
771,kinesthetic,science,48,55,basic_science
772,kinesthetic,history,17,85,history_essay
773,auditory,math,37,85,history_essay
774,visual,history,42,88,advanced_math
775,visual,science,20,84,advanced_math
776,auditory,math,43,50,history_essay
777,auditory,science,19,96,history_essay
778,auditory,science,40,77,basic_science
779,kinesthetic,math,17,71,basic_science
780,visual,history,52,71,history_essay
781,kinesthetic,science,33,56,basic_science
782,auditory,science,46,93,advanced_math
783,kinesthetic,history,15,73,history_essay
784,auditory,history,16,74,history_essay
785,auditory,science,49,82,history_essay
786,auditory,history,34,88,advanced_math
787,kinesthetic,science,19,67,history_essay
788,kinesthetic,math,53,92,advanced_math
789,auditory,history,24,98,advanced_math
790,kinesthetic,science,38,59,basic_science
791,visual,science,19,76,advanced_math
792,auditory,history,21,99,advanced_math
793,kinesthetic,history,11,91,advanced_math
794,visual,science,22,65,history_essay
795,visual,science,51,83,advanced_math
796,auditory,math,53,75,history_essay
797,auditory,math,21,61,history_essay
798,kinesthetic,science,11,67,history_essay
799,visual,history,45,50,basic_science
800,kinesthetic,history,21,72,advanced_math
801,kinesthetic,science,56,94,basic_science
802,kinesthetic,math,20,88,basic_science
803,kinesthetic,math,26,75,advanced_math
804,auditory,science,51,98,history_essay
805,visual,math,11,81,advanced_math
806,visual,math,20,82,advanced_math
807,visual,history,36,88,basic_science
808,kinesthetic,history,40,52,basic_science
809,auditory,math,48,85,advanced_math
810,auditory,history,53,60,basic_science
811,kinesthetic,math,37,63,basic_science
812,visual,history,14,73,history_essay
813,visual,math,29,86,basic_science
814,visual,math,19,68,advanced_math
815,auditory,history,53,66,advanced_math
816,visual,math,14,53,basic_science
817,visual,science,39,60,advanced_math
818,visual,math,53,93,advanced_math
819,visual,history,38,95,history_essay
820,kinesthetic,history,30,84,basic_science
821,kinesthetic,history,28,85,advanced_math
822,kinesthetic,history,58,84,history_essay
823,kinesthetic,history,36,65,advanced_math
824,auditory,math,56,91,advanced_math
825,visual,science,55,92,history_essay
826,auditory,science,16,66,basic_science
827,auditory,math,31,95,basic_science
828,visual,history,33,98,history_essay
829,kinesthetic,math,38,86,history_essay
830,auditory,math,10,85,advanced_math
831,auditory,science,59,74,advanced_math
832,visual,math,36,51,basic_science
833,kinesthetic,math,39,86,advanced_math
834,auditory,math,30,90,basic_science
835,visual,science,32,56,basic_science
836,visual,science,25,89,advanced_math
837,auditory,history,22,78,advanced_math
838,auditory,science,30,86,basic_science
839,visual,science,42,99,history_essay
840,auditory,math,28,61,basic_science
841,visual,math,12,65,advanced_math
842,kinesthetic,math,42,95,advanced_math
843,auditory,history,56,68,basic_science
844,kinesthetic,math,40,71,advanced_math
845,visual,science,50,83,history_essay
846,kinesthetic,math,42,86,history_essay
847,auditory,math,44,91,history_essay
848,auditory,science,45,55,history_essay
849,auditory,history,54,70,history_essay
850,kinesthetic,history,16,72,advanced_math
851,auditory,science,22,75,advanced_math
852,kinesthetic,history,53,70,history_essay
853,kinesthetic,math,16,55,advanced_math
854,kinesthetic,math,27,98,history_essay
855,kinesthetic,math,12,71,basic_science
856,auditory,math,19,51,advanced_math
857,visual,math,47,74,history_essay
858,visual,science,20,96,basic_science
859,auditory,history,36,78,advanced_math
860,auditory,history,37,87,advanced_math
861,kinesthetic,math,52,84,history_essay
862,visual,science,21,50,basic_science
863,visual,math,58,94,advanced_math
864,visual,science,30,98,basic_science
865,auditory,history,53,70,advanced_math
866,kinesthetic,history,46,74,advanced_math
867,visual,math,56,50,advanced_math
868,auditory,history,23,91,basic_science
869,auditory,science,55,96,advanced_math
870,auditory,history,33,71,advanced_math
871,auditory,science,35,66,advanced_math
872,auditory,math,51,50,history_essay
873,auditory,math,13,50,advanced_math
874,kinesthetic,math,54,84,advanced_math
875,auditory,history,27,96,history_essay
876,auditory,math,28,93,advanced_math
877,kinesthetic,science,20,77,basic_science
878,kinesthetic,science,14,79,history_essay
879,auditory,math,41,76,history_essay
880,kinesthetic,math,41,59,advanced_math
881,kinesthetic,math,44,85,history_essay
882,auditory,science,39,91,history_essay
883,auditory,science,34,69,basic_science
884,visual,science,22,80,history_essay
885,auditory,math,15,53,advanced_math
886,visual,history,55,91,advanced_math
887,kinesthetic,math,35,97,basic_science
888,kinesthetic,science,36,91,advanced_math
889,kinesthetic,math,50,62,history_essay
890,auditory,math,18,95,history_essay
891,kinesthetic,science,28,99,history_essay
892,kinesthetic,math,43,82,advanced_math
893,visual,science,11,80,history_essay
894,visual,math,10,67,history_essay
895,kinesthetic,math,48,67,basic_science
896,visual,science,37,76,basic_science
897,kinesthetic,history,49,54,advanced_math
898,auditory,science,22,62,basic_science
899,kinesthetic,science,11,91,advanced_math
900,auditory,history,11,57,basic_science
901,visual,history,33,52,advanced_math
902,kinesthetic,history,22,55,basic_science
903,visual,history,11,81,basic_science
904,visual,history,48,98,basic_science
905,auditory,science,32,88,advanced_math
906,auditory,history,16,67,advanced_math
907,visual,science,45,53,history_essay
908,visual,history,42,54,advanced_math
909,visual,history,46,82,basic_science
910,visual,math,22,90,advanced_math
911,auditory,science,34,77,history_essay
912,kinesthetic,history,41,82,basic_science
913,auditory,science,31,54,history_essay
914,auditory,history,38,97,history_essay
915,visual,math,57,61,advanced_math
916,kinesthetic,science,38,74,advanced_math
917,visual,math,25,79,advanced_math
918,visual,history,50,55,history_essay
919,auditory,history,17,57,history_essay
920,visual,history,34,73,basic_science
921,kinesthetic,history,18,73,history_essay
922,auditory,science,25,71,advanced_math
923,visual,science,28,96,advanced_math
924,auditory,history,39,94,basic_science
925,kinesthetic,math,14,66,advanced_math
926,visual,history,21,69,basic_science
927,visual,math,57,74,advanced_math
928,auditory,math,18,58,history_essay
929,visual,math,53,64,advanced_math
930,auditory,history,11,67,history_essay
931,auditory,math,57,70,basic_science
932,auditory,math,36,53,advanced_math
933,kinesthetic,science,51,89,advanced_math
934,kinesthetic,history,47,83,history_essay
935,visual,math,55,88,history_essay
936,auditory,science,21,57,history_essay
937,auditory,math,50,52,basic_science
938,auditory,science,53,54,basic_science
939,visual,math,19,85,basic_science
940,kinesthetic,math,39,87,history_essay
941,visual,history,42,91,advanced_math
942,visual,science,59,55,advanced_math
943,visual,science,40,60,advanced_math
944,visual,math,25,71,advanced_math
945,auditory,history,32,72,advanced_math
946,auditory,history,36,72,basic_science
947,kinesthetic,science,14,98,history_essay
948,visual,math,19,64,basic_science
949,auditory,science,29,96,basic_science
950,visual,history,32,74,basic_science
951,visual,history,37,84,basic_science
952,kinesthetic,science,47,59,basic_science
953,visual,science,35,63,advanced_math
954,visual,science,53,61,basic_science
955,auditory,history,33,50,advanced_math
956,auditory,history,36,65,advanced_math
957,kinesthetic,math,10,88,advanced_math
958,kinesthetic,history,14,94,advanced_math
959,kinesthetic,history,45,95,history_essay
960,kinesthetic,science,51,56,advanced_math
961,visual,math,45,78,history_essay
962,auditory,history,55,76,advanced_math
963,visual,science,50,95,basic_science
964,visual,science,38,71,history_essay
965,kinesthetic,science,17,69,basic_science
966,kinesthetic,history,19,77,basic_science
967,kinesthetic,math,59,71,advanced_math
968,visual,science,58,67,basic_science
969,kinesthetic,math,20,86,basic_science
970,visual,math,31,62,advanced_math
971,visual,math,20,56,history_essay
972,visual,history,25,73,basic_science
973,auditory,math,45,99,history_essay
974,visual,math,20,51,advanced_math
975,kinesthetic,history,15,54,basic_science
976,kinesthetic,history,11,92,advanced_math
977,visual,history,59,99,history_essay
978,visual,math,22,78,advanced_math
979,auditory,history,34,97,basic_science
980,kinesthetic,math,18,59,history_essay
981,auditory,history,28,73,advanced_math
982,visual,history,29,66,history_essay
983,kinesthetic,science,59,70,advanced_math
984,kinesthetic,science,43,84,history_essay
985,visual,math,42,63,basic_science
986,visual,math,50,61,basic_science
987,auditory,science,11,64,basic_science
988,kinesthetic,science,17,78,history_essay
989,auditory,science,54,94,basic_science
990,auditory,science,13,79,history_essay
991,kinesthetic,history,25,87,basic_science
992,visual,history,14,50,history_essay
993,visual,math,45,89,advanced_math
994,auditory,history,46,52,advanced_math
995,visual,science,40,71,advanced_math
996,kinesthetic,math,42,83,basic_science
997,auditory,science,29,79,history_essay
998,auditory,math,58,78,history_essay
999,auditory,science,21,83,basic_science
1000,auditory,math,16,58,history_essay
